green color rectangle,
below one,
an orange brownish rectangle on one of its smaller faces,
a cube, lavender in color situated in a table,
a purple colored round object,
its a purple color cube and second biggest object on the table,
red ball,
an orange cylindrical,
beside object one,
pink and rectangular,
circle in shape and yellow in color,
squre in the right corner,
a red colored circular object,
cuboid,
cuboid,
yellow rectangular piece,
rectangle,
to the left of the green box,
the green square behind the rest of the objects,
in the top portion of the table right in the center and above and to the left of the yellow sphere,
green,
next to the green box,
cubical blue color,
this object in the middle and a brown rectangular shape,
yellow  cube,
right after the brown cylinder,
round shaped, parallel to ball shaped object one,
sphere,
spherical in shape,
a brownish circle,
right next to the purple sphere,
far away from red color ball,
rectangular block,
cuboid,
green color square box,
circle,
a - purple cube,
left side corner of the table,
on the left corner side of the table,
at  the  center  of  the   table,
yellow rectangle,
green rectangle,
purple in his color and like cube,
dark blue in color,
rectangular shape.which having green color,
a purple and black cube,
yellow ball,
a , brown rectangular prism,
an orange column,
green in color,
rectangle shape, green color box,
an orange colored cylinder and,
the object three in the above table ingreen in color and rectangular in shape,
an orange colored cylindrical object,
middle of the table,
a green colored rectangular shape,
blue ball,
circle,
spherical object,
a rectangular, brown cube,
a peach colored rectangle,
yellow colored sphere,
object,
orange cube,
a ball shape object,
"a orange cylinder with a width greater than 's height",
chair,
a , green cube,
a square near object two,
cylinder,
back of five,
at the far end of the table near the center,
rectangular box,
a rectangular solid,
right  top,
round,
box,
rectangular,
rectangle up,
a rectangle box,
in front of the red ball,
a yellow rectangle box,
a purple rectangle on its end,
"cubical in shape. the object's color purple",
a rectanglar cube,
round and on two ends,
a green colored cylindrical object,
faraway from orange cylinder,
cylinder,
orange block,
circle,
a green cylandar,
next to the green block,
green color and box,
an yellow redangle object vertically,
light rose rectangle block,
next to the green prism,
the smallest purple cube,
a circle object. in blue color,
cube',

